School Type,School Average Math Score,School Average Reading Score,% School Passing Math,% School Passing Reading,% School Passing Rate
Charter,83.47249999999998,83.89750000000001,93.62,96.58625,95.10249999999999
District,76.95571428571428,80.96571428571428,66.54857142857144,80.79857142857144,73.67571428571429
