Spending Rate Group,School Average Math Score,School Average Reading Score,% School Passing Math,% School Passing Reading,% School Passing Rate
<$585,83.4525,83.935,93.46,96.61000000000001,95.035
$585-614,83.6,83.885,94.23,95.9,95.065
$615-644,79.07833333333335,81.89166666666667,75.66833333333334,86.10666666666667,80.88833333333334
$635-675,76.99666666666667,81.02666666666667,66.16333333333334,81.13333333333334,73.64999999999999
